{"cameraMode":{"drawMode":0,"name":"Shaded","section":"Shading Mode"},"sceneLighting":true,"audioPlay":false,"sceneViewState":{"showFog":true,"showMaterialUpdate":true,"showSkybox":true,"showFlares":true,"showImageEffects":true,"showParticleSystems":true},"in2DMode":false,"pivot":{"x":-0.5226682424545288,"y":0.6998321413993836,"z":0.12247699499130249},"rotation":{"x":-0.18200182914733888,"y":-0.8163622617721558,"z":0.4190745949745178,"w":-0.35429099202156069},"size":1.0421161651611329,"orthographic":false}